feature,gain
EXT_SOURCE_3,716305.1687495708
EXT_SOURCE_2,607640.9194221497
EXT_SOURCE_1,231163.62086105347
CREDIT_TERM,189693.0026473999
INST_IS_LATE_MEAN,85815.13404464722
DAYS_EMPLOYED,79648.18528938293
PREV_REFUSAL_RATE,65960.75959396362
YEARS_EMPLOYED,61419.83039665222
AMT_ANNUITY,60720.461517333984
AMT_GOODS_PRICE,51319.4633808136
PREV_CNT_PAYMENT_MEAN,49572.02388000488
DAYS_BIRTH,49448.88686180115
OWN_CAR_AGE,45949.63772392273
NAME_EDUCATION_TYPE_Higher_education,45642.36961746216
BUREAU_DAYS_CREDIT_MAX,43751.383922576904
PREV_AMT_DOWN_PAYMENT_SUM,41274.15935897827
BUREAU_DAYS_CREDIT_MEAN,41271.68278121948
INST_AMT_INSTALMENT_MIN,40702.17356681824
YEARS_BIRTH,39813.25828742981
BUREAU_AMT_CREDIT_SUM_DEBT_MEAN,37335.788385391235
AMT_CREDIT,33517.15641403198
INST_AMT_PAYMENT_MIN,33377.80448913574
INST_AMT_PAYMENT_SUM,33063.34847640991
PREV_DAYS_LAST_DUE_1ST_VERSION_MAX,32493.708656311035
CODE_GENDER_M,32186.966203689575
ANNUITY_INCOME_RATIO,30101.268392562866
BUREAU_DAYS_CREDIT_ENDDATE_MAX,30096.02251434326
PREV_CNT_PAYMENT_MAX,29618.449893951416
INST_LATE_RATE,29252.621673583984
CODE_GENDER_F,28614.99768638611
INST_PAYMENT_DIFF_MEAN,28512.169078826904
BUREAU_AMT_CREDIT_SUM_MEAN,28481.02777481079
INST_DAYS_LATE_MAX,24835.836017608643
DAYS_LAST_PHONE_CHANGE,24273.26434135437
BUREAU_AMT_CREDIT_SUM_MAX,24254.0966796875
INST_DAYS_INSTALMENT_MIN,23348.67206954956
BUREAU_ACTIVE_COUNT,22028.87713623047
PREV_DAYS_LAST_DUE_1ST_VERSION_SUM,21907.712532043457
INST_DAYS_ENTRY_PAYMENT_MAX,21240.367769241333
CREDIT_INCOME_RATIO,21143.87134552002
INST_DAYS_LATE_SUM,19949.752923965454
FLAG_DOCUMENT_3,19724.05300140381
INST_DAYS_ENTRY_PAYMENT_MIN,19442.88694000244
BUREAU_DAYS_ENDDATE_FACT_MAX,19167.88790512085
PREV_AMT_DOWN_PAYMENT_MAX,18360.13048362732
DAYS_ID_PUBLISH,18184.267122268677
YEARS_ID_PUBLISH,17584.326484680176
PREV_DAYS_FIRST_DRAWING_SUM,17376.9609375
BUREAU_AMT_CREDIT_MAX_OVERDUE_MEAN,17111.553310394287
INST_NUM_INSTALMENT_VERSION_SUM,17066.05239868164
REGION_POPULATION_RELATIVE,16608.61750793457
INST_AMT_INSTALMENT_MAX,16376.34628868103
NAME_EDUCATION_TYPE_Secondary_/_secondary_special,16298.932762145996
PREV_SELLERPLACE_AREA_MEAN,16112.352113723755
NAME_FAMILY_STATUS_Married,16040.683851242065
INST_AMT_PAYMENT_MEAN,15938.751403808594
INST_AMT_INSTALMENT_SUM,15898.55627822876
BUREAU_AMT_CREDIT_SUM_MIN,15800.303693771362
INST_DAYS_LATE_MEAN,15776.712530136108
PREV_AMT_ANNUITY_MEAN,15103.07441329956
BUREAU_AMT_CREDIT_MAX_OVERDUE_MAX,14914.975452423096
BUREAU_DAYS_CREDIT_ENDDATE_MEAN,14590.331983566284
PREV_RATE_DOWN_PAYMENT_SUM,14420.649677276611
INST_NUM_INSTALMENT_VERSION_MEAN,14179.939611434937
REGION_RATING_CLIENT_W_CITY,14053.323417663574
INST_PAYMENT_DIFF_MAX,13902.09294128418
BUREAU_DAYS_CREDIT_UPDATE_MEAN,13829.544631958008
PREV_AMT_ANNUITY_MIN,13815.706560134888
INST_DAYS_INSTALMENT_MAX,13808.968891143799
NAME_CONTRACT_TYPE_Cash_loans,13718.244026184082
PREV_DAYS_LAST_DUE_1ST_VERSION_MEAN,13605.361734390259
INST_AMT_PAYMENT_MAX,13345.7317237854
DAYS_REGISTRATION,12911.984350204468
INST_PAYMENT_DIFF_SUM,12801.079761505127
BUREAU_AMT_CREDIT_SUM_DEBT_SUM,12467.30941772461
INST_DAYS_LATE_MIN,12431.475242614746
BUREAU_DAYS_CREDIT_ENDDATE_SUM,12297.493793487549
BUREAU_DAYS_CREDIT_UPDATE_MAX,12211.560646057129
BUREAU_AMT_CREDIT_SUM_SUM,12151.251819610596
INST_DAYS_INSTALMENT_SUM,11875.788917541504
BUREAU_AMT_CREDIT_MAX_OVERDUE_SUM,11851.34211730957
PREV_SELLERPLACE_AREA_MAX,11440.22307395935
PREV_DAYS_FIRST_DRAWING_MEAN,11219.011945724487
PREV_AMT_GOODS_PRICE_MIN,11054.870861053467
PREV_HOUR_APPR_PROCESS_START_MEAN,10994.75898551941
PREV_DAYS_DECISION_MAX,10938.976726531982
PREV_SELLERPLACE_AREA_SUM,10916.092727661133
PREV_DAYS_LAST_DUE_SUM,10706.266807556152
INST_NUM_INSTALMENT_NUMBER_MEAN,10673.886898040771
PREV_AMT_DOWN_PAYMENT_MEAN,10280.939111709595
BUREAU_AMT_CREDIT_SUM_DEBT_MAX,10052.64210319519
BUREAU_DAYS_CREDIT_UPDATE_SUM,10042.733283996582
BUREAU_DAYS_CREDIT_SUM,10015.670099258423
BUREAU_DAYS_CREDIT_MIN,9963.54360961914
BUREAU_DAYS_ENDDATE_FACT_MIN,9869.175157546997
PREV_RATE_DOWN_PAYMENT_MAX,9779.886199951172
PREV_AMT_ANNUITY_SUM,9428.437511444092
INST_DAYS_ENTRY_PAYMENT_SUM,9413.967811584473
DEF_30_CNT_SOCIAL_CIRCLE,9353.165515899658
PREV_DAYS_FIRST_DUE_MEAN,9352.770629882812
YEARS_REGISTRATION,9351.129161834717
BUREAU_DAYS_ENDDATE_FACT_MEAN,9256.21369934082
PREV_DAYS_FIRST_DUE_MAX,9244.851789474487
PREV_AMT_APPLICATION_MEAN,9080.736190795898
PREV_CNT_PAYMENT_SUM,8956.259712219238
PREV_AMT_ANNUITY_MAX,8840.840562820435
NAME_INCOME_TYPE_Working,8825.431335449219
INST_DAYS_ENTRY_PAYMENT_MEAN,8796.128314971924
PREV_DAYS_FIRST_DUE_SUM,8772.570791244507
INST_NUM_INSTALMENT_NUMBER_SUM,8659.795017242432
AMT_REQ_CREDIT_BUREAU_QRT,8336.047073364258
TOTALAREA_MODE,8196.440683364868
PREV_DAYS_DECISION_MEAN,7933.100677490234
INST_AMT_INSTALMENT_MEAN,7866.871097564697
INCOME_PER_PERSON,7638.939786911011
PREV_DAYS_LAST_DUE_1ST_VERSION_MIN,7619.155326843262
INST_NUM_INSTALMENT_NUMBER_MAX,7525.665830612183
PREV_DAYS_DECISION_SUM,7464.657741546631
BUREAU_DAYS_CREDIT_ENDDATE_MIN,7450.264217376709
INST_DAYS_INSTALMENT_MEAN,7447.373676300049
BUREAU_DAYS_CREDIT_UPDATE_MIN,7414.54522895813
PREV_AMT_GOODS_PRICE_MEAN,7408.946895599365
PREV_SELLERPLACE_AREA_MIN,7387.562892913818
PREV_DAYS_TERMINATION_SUM,7303.59517288208
AMT_INCOME_TOTAL,7246.041793823242
BUREAU_AMT_CREDIT_SUM_LIMIT_MEAN,7122.767551422119
PREV_RATE_DOWN_PAYMENT_MEAN,6735.410774230957
PREV_DAYS_DECISION_MIN,6633.747386932373
PREV_DAYS_LAST_DUE_MEAN,6364.179983139038
PREV_HOUR_APPR_PROCESS_START_SUM,6286.365180969238
OCCUPATION_TYPE_Core_staff,6234.362907409668
PREV_AMT_CREDIT_MEAN,6222.81488609314
PREV_AMT_APPLICATION_MAX,6090.467979431152
BUREAU_BB_MONTHS_BALANCE_SUM_MIN,6060.365516662598
PREV_RATE_DOWN_PAYMENT_MIN,6026.248802185059
PREV_DAYS_TERMINATION_MIN,5997.622705936432
INST_NUM_INSTALMENT_VERSION_COUNT,5986.4424114227295
PREV_DAYS_LAST_DUE_MIN,5943.483270645142
LIVINGAREA_MEDI,5883.279960632324
NAME_CONTRACT_TYPE_Revolving_loans,5872.664524078369
REG_CITY_NOT_LIVE_CITY,5753.806015014648
LIVINGAREA_AVG,5743.437282562256
LIVINGAREA_MODE,5740.01131439209
BUREAU_DAYS_ENDDATE_FACT_SUM,5662.141994476318
BUREAU_AMT_CREDIT_SUM_LIMIT_COUNT,5644.455295562744
PREV_DAYS_FIRST_DUE_MIN,5639.194705963135
BUREAU_BB_MONTHS_BALANCE_MIN_MEAN,5622.955699920654
PREV_DAYS_LAST_DUE_MAX,5554.361614227295
APARTMENTS_MODE,5523.576499938965
PREV_AMT_CREDIT_MAX,5492.365587234497
PREV_AMT_GOODS_PRICE_MAX,5284.8063316345215
BUREAU_AMT_ANNUITY_MEAN,5209.074787139893
YEARS_BEGINEXPLUATATION_AVG,5201.5991859436035
LIVINGAPARTMENTS_MEDI,5098.036689758301
LIVINGAPARTMENTS_MODE,5063.150096893311
COMMONAREA_MODE,5040.905090332031
PREV_DAYS_TERMINATION_MEAN,5004.91828918457
PREV_AMT_CREDIT_SUM,4991.666208267212
BUREAU_AMT_CREDIT_SUM_LIMIT_MAX,4839.834503173828
BUREAU_AMT_ANNUITY_MAX,4800.976808547974
BUREAU_AMT_CREDIT_SUM_OVERDUE_MAX,4669.467800140381
HOUR_APPR_PROCESS_START,4665.746292114258
BUREAU_BB_MONTHS_BALANCE_MEAN_MEAN,4583.834197998047
YEARS_BEGINEXPLUATATION_MEDI,4531.290912628174
BUREAU_BB_MONTHS_BALANCE_COUNT_MAX,4518.895082473755
BASEMENTAREA_AVG,4511.060987472534
INST_NUM_INSTALMENT_VERSION_MAX,4492.97350692749
APARTMENTS_AVG,4480.268365859985
PREV_DAYS_FIRST_DRAWING_MIN,4417.913089752197
OCCUPATION_TYPE_Drivers,4406.349647521973
NONLIVINGAREA_AVG,4332.332565307617
PREV_HOUR_APPR_PROCESS_START_MAX,4211.375686645508
BUREAU_AMT_CREDIT_SUM_DEBT_MIN,4197.577896118164
PREV_HOUR_APPR_PROCESS_START_MIN,4135.215015411377
LANDAREA_AVG,4087.3411769866943
NONLIVINGAREA_MEDI,4004.63370513916
BUREAU_AMT_CREDIT_SUM_LIMIT_SUM,3956.1896896362305
LANDAREA_MODE,3917.2117252349854
BASEMENTAREA_MEDI,3913.16300201416
BUREAU_BB_MONTHS_BALANCE_COUNT_MEAN,3876.547706604004
PREV_AMT_DOWN_PAYMENT_MIN,3868.372398376465
PREV_AMT_APPLICATION_SUM,3841.8269081115723
YEARS_BEGINEXPLUATATION_MODE,3710.140121459961
ORGANIZATION_TYPE_Industry__type_9,3603.8247814178467
NAME_INCOME_TYPE_State_servant,3597.4634132385254
ORGANIZATION_TYPE_Self-employed,3561.077896118164
APARTMENTS_MEDI,3541.653606414795
PREV_AMT_APPLICATION_MIN,3538.918285369873
FLOORSMAX_AVG,3515.982967376709
DEF_60_CNT_SOCIAL_CIRCLE,3495.918291091919
PREV_NFLAG_INSURED_ON_APPROVAL_MEAN,3430.0888118743896
BUREAU_BB_MONTHS_BALANCE_COUNT_SUM,3427.5468769073486
PREV_AMT_CREDIT_MIN,3423.529411315918
BUREAU_BB_MONTHS_BALANCE_MAX_MEAN,3358.8380813598633
OBS_60_CNT_SOCIAL_CIRCLE,3331.140188217163
COMMONAREA_AVG,3324.0834922790527
YEARS_BUILD_AVG,3212.8830032348633
PREV_CNT_PAYMENT_MIN,3110.486099243164
COMMONAREA_MEDI,3028.246196746826
INST_PAYMENT_DIFF_MIN,3025.153190612793
ENTRANCES_AVG,3005.182403564453
ORGANIZATION_TYPE_School,2996.78621673584
BUREAU_BB_MONTHS_BALANCE_MEAN_MIN,2972.2115173339844
BUREAU_BB_MONTHS_BALANCE_SUM_SUM,2930.5615882873535
FLAG_WORK_PHONE,2921.500820159912
YEARS_BUILD_MODE,2890.9141235351562
FLAG_DOCUMENT_18,2878.504613876343
BUREAU_BB_MONTHS_BALANCE_MIN_MAX,2865.4172172546387
BUREAU_BB_MONTHS_BALANCE_COUNT_MIN,2851.564498901367
REGION_RATING_CLIENT,2843.5173263549805
INST_NUM_INSTALMENT_NUMBER_COUNT,2793.5263137817383
BUREAU_BB_MONTHS_BALANCE_SUM_MEAN,2769.373001098633
PREV_DAYS_TERMINATION_MAX,2746.270309448242
BUREAU_BB_MONTHS_BALANCE_MAX_MIN,2711.9836082458496
NONLIVINGAREA_MODE,2698.273494720459
AMT_REQ_CREDIT_BUREAU_MON,2694.1155891418457
AMT_REQ_CREDIT_BUREAU_YEAR,2658.397804260254
OBS_30_CNT_SOCIAL_CIRCLE,2608.283889770508
BUREAU_DAYS_ENDDATE_FACT_COUNT,2585.9354934692383
BASEMENTAREA_MODE,2572.358917236328
ORGANIZATION_TYPE_Construction,2537.706007003784
LIVINGAPARTMENTS_AVG,2504.3786125183105
BUREAU_DAYS_CREDIT_ENDDATE_COUNT,2499.1727027893066
PREV_REFUSED_COUNT,2483.720687866211
FLOORSMIN_AVG,2314.524589538574
ORGANIZATION_TYPE_Business_Entity_Type_3,2255.989803314209
BUREAU_BB_MONTHS_BALANCE_MEAN_MAX,2193.584800720215
NONLIVINGAPARTMENTS_AVG,2048.128391265869
BUREAU_DAYS_CREDIT_COUNT,1970.4367027282715
PREV_APPROVED_COUNT,1918.8795776367188
BUREAU_BB_MONTHS_BALANCE_MIN_SUM,1881.2124862670898
NONLIVINGAPARTMENTS_MODE,1873.0368881225586
LANDAREA_MEDI,1804.3274002075195
ELEVATORS_AVG,1768.0123100280762
BUREAU_AMT_CREDIT_SUM_DEBT_COUNT,1738.4073753356934
WALLSMATERIAL_MODE_Panel,1717.0831031799316
BUREAU_AMT_CREDIT_SUM_OVERDUE_MEAN,1687.2921962738037
ORGANIZATION_TYPE_Kindergarten,1682.178997039795
BUREAU_AMT_CREDIT_SUM_LIMIT_MIN,1681.7680053710938
ORGANIZATION_TYPE_Bank,1640.15771484375
ENTRANCES_MODE,1632.2449989318848
BUREAU_BB_MONTHS_BALANCE_MIN_MIN,1620.3512954711914
NAME_HOUSING_TYPE_House_/_apartment,1604.949296951294
OCCUPATION_TYPE_Laborers,1558.1699981689453
ORGANIZATION_TYPE_Police,1544.69460105896
FLOORSMIN_MEDI,1532.7089195251465
FLAG_OWN_CAR_N,1531.5680236816406
YEARS_BUILD_MEDI,1528.583309173584
BUREAU_AMT_CREDIT_MAX_OVERDUE_COUNT,1517.6902084350586
BUREAU_BB_MONTHS_BALANCE_SUM_MAX,1423.5684089660645
BUREAU_AMT_ANNUITY_MIN,1408.399398803711
INST_IS_LATE_SUM,1397.7437934875488
FLOORSMAX_MODE,1376.651195526123
ENTRANCES_MEDI,1332.4369888305664
NONLIVINGAPARTMENTS_MEDI,1315.9206886291504
PREV_AMT_GOODS_PRICE_SUM,1238.659797668457
ORGANIZATION_TYPE_Realtor,1236.4616107940674
BUREAU_AMT_ANNUITY_SUM,1164.724105834961
OCCUPATION_TYPE_Accountants,1162.2530059814453
FLAG_DOCUMENT_16,1138.797986984253
WALLSMATERIAL_MODE_Stone__brick,1118.078908920288
ORGANIZATION_TYPE_Transport__type_3,1088.3439922332764
WEEKDAY_APPR_PROCESS_START_WEDNESDAY,1079.093801498413
BUREAU_BB_MONTHS_BALANCE_MAX_SUM,1078.313404083252
FLAG_PHONE,1073.5302982330322
BUREAU_BB_MONTHS_BALANCE_MEAN_SUM,1072.4219932556152
BUREAU_AMT_CREDIT_MAX_OVERDUE_MIN,1057.0463962554932
NAME_HOUSING_TYPE_Office_apartment,1047.22269821167
PREV_NFLAG_INSURED_ON_APPROVAL_SUM,1019.8168029785156
ORGANIZATION_TYPE_Military,992.4034156799316
FLOORSMAX_MEDI,957.6881904602051
PREV_AMT_ANNUITY_COUNT,954.6144981384277
ORGANIZATION_TYPE_Security_Ministries,938.478006362915
BUREAU_AMT_CREDIT_SUM_OVERDUE_SUM,919.4540061950684
FLAG_OWN_REALTY_N,898.4314022064209
PREV_AMT_APPLICATION_COUNT,880.4949913024902
PREV_AMT_DOWN_PAYMENT_COUNT,867.7833137512207
LIVE_CITY_NOT_WORK_CITY,813.9622001647949
AMT_REQ_CREDIT_BUREAU_WEEK,798.9506988525391
BUREAU_BB_MONTHS_BALANCE_MEAN_COUNT,790.8991966247559
ORGANIZATION_TYPE_Medicine,789.801908493042
BUREAU_CNT_CREDIT_PROLONG_MAX,777.3387985229492
PREV_DAYS_FIRST_DRAWING_COUNT,738.7050018310547
CNT_FAM_MEMBERS,722.7160911560059
OCCUPATION_TYPE_High_skill_tech_staff,708.7187995910645
FLOORSMIN_MODE,690.9414024353027
INST_DAYS_INSTALMENT_COUNT,650.6152992248535
BUREAU_BB_MONTHS_BALANCE_MAX_MAX,637.0306053161621
ELEVATORS_MODE,635.4191055297852
NAME_INCOME_TYPE_Commercial_associate,634.4564056396484
ORGANIZATION_TYPE_Trade__type_2,620.9989051818848
WEEKDAY_APPR_PROCESS_START_SUNDAY,618.8362064361572
NAME_FAMILY_STATUS_Single_/_not_married,617.2072982788086
ELEVATORS_MEDI,604.2761993408203
OCCUPATION_TYPE_Medicine_staff,593.7447910308838
INST_NUM_INSTALMENT_VERSION_MIN,537.7010040283203
WEEKDAY_APPR_PROCESS_START_SATURDAY,537.0953063964844
PREV_AMT_GOODS_PRICE_COUNT,530.0214996337891
FLAG_DOCUMENT_13,518.9399013519287
INST_DAYS_ENTRY_PAYMENT_COUNT,509.5673027038574
HOUSETYPE_MODE_specific_housing,508.7630081176758
BUREAU_CNT_CREDIT_PROLONG_MEAN,506.42340087890625
NAME_HOUSING_TYPE_Rented_apartment,505.4560966491699
REG_CITY_NOT_WORK_CITY,487.3511047363281
NAME_TYPE_SUITE_Unaccompanied,473.6152038574219
CNT_CHILDREN,458.57940673828125
PREV_RATE_INTEREST_PRIMARY_MEAN,454.6213035583496
BUREAU_CREDIT_DAY_OVERDUE_COUNT,416.6115951538086
WEEKDAY_APPR_PROCESS_START_FRIDAY,406.67269134521484
WEEKDAY_APPR_PROCESS_START_MONDAY,356.95400047302246
OCCUPATION_TYPE_Sales_staff,352.421199798584
ORGANIZATION_TYPE_Government,337.11340713500977
NAME_TYPE_SUITE_Family,336.4699020385742
NAME_EDUCATION_TYPE_Incomplete_higher,321.8815002441406
PREV_RATE_INTEREST_PRIMARY_MAX,316.6897964477539
FLAG_DOCUMENT_11,315.9582939147949
PREV_NFLAG_LAST_APPL_IN_DAY_SUM,301.9887008666992
PREV_CNT_PAYMENT_COUNT,297.0632972717285
NAME_EDUCATION_TYPE_Lower_secondary,278.15329933166504
PREV_AMT_CREDIT_COUNT,271.16269302368164
FONDKAPREMONT_MODE_reg_oper_spec_account,264.6205062866211
PREV_DAYS_FIRST_DUE_COUNT,261.00059509277344
WEEKDAY_APPR_PROCESS_START_THURSDAY,259.4912986755371
ORGANIZATION_TYPE_Industry__type_11,258.70169830322266
NAME_FAMILY_STATUS_Widow,256.9203987121582
INST_AMT_PAYMENT_COUNT,248.30020141601562
FONDKAPREMONT_MODE_reg_oper_account,247.04880142211914
PREV_RATE_DOWN_PAYMENT_COUNT,229.4733009338379
FLAG_DOCUMENT_6,221.8906021118164
FLAG_EMAIL,213.73809814453125
NAME_HOUSING_TYPE_Municipal_apartment,210.98609161376953
WEEKDAY_APPR_PROCESS_START_TUESDAY,209.57410049438477
FONDKAPREMONT_MODE_org_spec_account,208.82560348510742
OCCUPATION_TYPE_nan,204.75559616088867
INST_PAYMENT_DIFF_COUNT,197.81949615478516
BUREAU_CNT_CREDIT_PROLONG_SUM,190.4603042602539
ORGANIZATION_TYPE_Business_Entity_Type_1,171.87129974365234
FONDKAPREMONT_MODE_not_specified,157.9072036743164
OCCUPATION_TYPE_Managers,157.2860984802246
NAME_FAMILY_STATUS_Separated,156.95790100097656
FLAG_DOCUMENT_14,154.0076026916504
ORGANIZATION_TYPE_Industry__type_12,153.55139923095703
OCCUPATION_TYPE_Cooking_staff,139.74799728393555
PREV_RATE_INTEREST_PRIVILEGED_SUM,137.3113021850586
NAME_HOUSING_TYPE_With_parents,134.87900161743164
NAME_TYPE_SUITE_Other_A,118.68060302734375
FLAG_DOCUMENT_15,118.597900390625
NAME_FAMILY_STATUS_Civil_marriage,112.31000137329102
PREV_NFLAG_LAST_APPL_IN_DAY_MEAN,112.08999633789062
FLAG_OWN_REALTY_Y,111.90609741210938
REG_REGION_NOT_LIVE_REGION,107.77460098266602
BUREAU_CNT_CREDIT_PROLONG_COUNT,106.47700119018555
INST_AMT_INSTALMENT_COUNT,96.37020111083984
HOUSETYPE_MODE_terraced_house,93.62789916992188
ORGANIZATION_TYPE_Trade__type_7,91.09140014648438
FONDKAPREMONT_MODE_nan,87.7401008605957
ORGANIZATION_TYPE_Legal_Services,86.39370155334473
OCCUPATION_TYPE_Cleaning_staff,83.10600280761719
ORGANIZATION_TYPE_Trade__type_3,79.55030059814453
NAME_TYPE_SUITE_Spouse__partner,78.7916030883789
OCCUPATION_TYPE_Low-skill_Laborers,77.4894027709961
PREV_NFLAG_INSURED_ON_APPROVAL_MAX,76.15879821777344
BUREAU_BB_MONTHS_BALANCE_MIN_COUNT,76.02780151367188
REG_REGION_NOT_WORK_REGION,72.30660247802734
EMERGENCYSTATE_MODE_nan,70.92949676513672
PREV_RATE_INTEREST_PRIVILEGED_MEAN,69.71160125732422
BUREAU_BB_MONTHS_BALANCE_MAX_COUNT,65.4906005859375
ORGANIZATION_TYPE_Business_Entity_Type_2,63.98429870605469
BUREAU_BB_MONTHS_BALANCE_COUNT_COUNT,62.12080001831055
AMT_REQ_CREDIT_BUREAU_DAY,59.108299255371094
PREV_RATE_INTEREST_PRIMARY_MIN,58.43830108642578
EMERGENCYSTATE_MODE_No,56.964599609375
ORGANIZATION_TYPE_Transport__type_4,55.66080093383789
PREV_NFLAG_INSURED_ON_APPROVAL_MIN,52.36989974975586
ORGANIZATION_TYPE_Services,52.00619888305664
ORGANIZATION_TYPE_Telecom,51.928199768066406
NAME_TYPE_SUITE_Children,51.59769821166992
BUREAU_AMT_ANNUITY_COUNT,47.7692985534668
OCCUPATION_TYPE_IT_staff,32.153900146484375
HOUSETYPE_MODE_nan,32.004600524902344
BUREAU_CNT_CREDIT_PROLONG_MIN,0.0
BUREAU_CREDIT_DAY_OVERDUE_MAX,0.0
BUREAU_CREDIT_DAY_OVERDUE_MIN,0.0
BUREAU_CREDIT_DAY_OVERDUE_SUM,0.0
BUREAU_BB_MONTHS_BALANCE_SUM_COUNT,0.0
FLAG_DOCUMENT_9,0.0
FLAG_DOCUMENT_10,0.0
BUREAU_CREDIT_DAY_OVERDUE_MEAN,0.0
PREV_RATE_INTEREST_PRIVILEGED_COUNT,0.0
PREV_DAYS_FIRST_DRAWING_MAX,0.0
PREV_DAYS_DECISION_COUNT,0.0
PREV_SELLERPLACE_AREA_COUNT,0.0
PREV_DAYS_LAST_DUE_1ST_VERSION_COUNT,0.0
ORGANIZATION_TYPE_Industry__type_1,0.0
DAYS_EMPLOYED_ANOM,0.0
ORGANIZATION_TYPE_Hotel,0.0
PREV_DAYS_LAST_DUE_COUNT,0.0
ORGANIZATION_TYPE_Industry__type_10,0.0
ORGANIZATION_TYPE_Housing,0.0
PREV_DAYS_TERMINATION_COUNT,0.0
PREV_NFLAG_INSURED_ON_APPROVAL_COUNT,0.0
BUREAU_AMT_CREDIT_SUM_COUNT,0.0
BUREAU_AMT_CREDIT_SUM_OVERDUE_MIN,0.0
BUREAU_AMT_CREDIT_SUM_OVERDUE_COUNT,0.0
FLAG_CONT_MOBILE,0.0
ORGANIZATION_TYPE_Transport__type_1,0.0
ORGANIZATION_TYPE_Transport__type_2,0.0
ORGANIZATION_TYPE_Trade__type_5,0.0
ORGANIZATION_TYPE_Trade__type_6,0.0
ORGANIZATION_TYPE_University,0.0
FLAG_MOBIL,0.0
FLAG_EMP_PHONE,0.0
PREV_RATE_INTEREST_PRIVILEGED_MIN,0.0
BUREAU_DAYS_CREDIT_UPDATE_COUNT,0.0
FLAG_DOCUMENT_2,0.0
INST_NUM_INSTALMENT_NUMBER_MIN,0.0
FLAG_DOCUMENT_4,0.0
FLAG_DOCUMENT_5,0.0
FLAG_DOCUMENT_7,0.0
FLAG_DOCUMENT_8,0.0
NAME_INCOME_TYPE_Maternity_leave,0.0
NAME_INCOME_TYPE_Businessman,0.0
NAME_TYPE_SUITE_nan,0.0
NAME_TYPE_SUITE_Other_B,0.0
NAME_TYPE_SUITE_Group_of_people,0.0
BUREAU_OVERDUE_COUNT,0.0
FLAG_OWN_CAR_nan,0.0
FLAG_DOCUMENT_20,0.0
AMT_REQ_CREDIT_BUREAU_HOUR,0.0
FLAG_DOCUMENT_21,0.0
CODE_GENDER_nan,0.0
INST_DAYS_LATE_COUNT,0.0
INST_IS_LATE_COUNT,0.0
NAME_CONTRACT_TYPE_nan,0.0
INST_IS_LATE_MAX,0.0
INST_IS_LATE_MIN,0.0
PREV_NFLAG_LAST_APPL_IN_DAY_COUNT,0.0
PREV_NFLAG_LAST_APPL_IN_DAY_MIN,0.0
PREV_HOUR_APPR_PROCESS_START_COUNT,0.0
PREV_NFLAG_LAST_APPL_IN_DAY_MAX,0.0
NAME_FAMILY_STATUS_nan,0.0
NAME_EDUCATION_TYPE_Academic_degree,0.0
NAME_EDUCATION_TYPE_nan,0.0
NAME_FAMILY_STATUS_Unknown,0.0
WALLSMATERIAL_MODE_Mixed,0.0
WALLSMATERIAL_MODE_Monolithic,0.0
WALLSMATERIAL_MODE_Others,0.0
WALLSMATERIAL_MODE_Wooden,0.0
NAME_INCOME_TYPE_Pensioner,0.0
NAME_INCOME_TYPE_Student,0.0
NAME_INCOME_TYPE_Unemployed,0.0
NAME_INCOME_TYPE_nan,0.0
WALLSMATERIAL_MODE_Block,0.0
HOUSETYPE_MODE_block_of_flats,0.0
LIVE_REGION_NOT_WORK_REGION,0.0
FLAG_DOCUMENT_19,0.0
FLAG_DOCUMENT_17,0.0
FLAG_OWN_CAR_Y,0.0
CODE_GENDER_XNA,0.0
PREV_RATE_INTEREST_PRIVILEGED_MAX,0.0
FLAG_OWN_REALTY_nan,0.0
NAME_HOUSING_TYPE_nan,0.0
OCCUPATION_TYPE_HR_staff,0.0
NAME_HOUSING_TYPE_Co-op_apartment,0.0
PREV_RATE_INTEREST_PRIMARY_SUM,0.0
PREV_RATE_INTEREST_PRIMARY_COUNT,0.0
FLAG_DOCUMENT_12,0.0
OCCUPATION_TYPE_Private_service_staff,0.0
ORGANIZATION_TYPE_Postal,0.0
ORGANIZATION_TYPE_Other,0.0
ORGANIZATION_TYPE_Mobile,0.0
WEEKDAY_APPR_PROCESS_START_nan,0.0
OCCUPATION_TYPE_Realty_agents,0.0
OCCUPATION_TYPE_Secretaries,0.0
OCCUPATION_TYPE_Security_staff,0.0
OCCUPATION_TYPE_Waiters/barmen_staff,0.0
ORGANIZATION_TYPE_Advertising,0.0
WALLSMATERIAL_MODE_nan,0.0
ORGANIZATION_TYPE_nan,0.0
ORGANIZATION_TYPE_Agriculture,0.0
ORGANIZATION_TYPE_XNA,0.0
ORGANIZATION_TYPE_Religion,0.0
ORGANIZATION_TYPE_Security,0.0
ORGANIZATION_TYPE_Restaurant,0.0
ORGANIZATION_TYPE_Emergency,0.0
ORGANIZATION_TYPE_Electricity,0.0
ORGANIZATION_TYPE_Culture,0.0
ORGANIZATION_TYPE_Cleaning,0.0
ORGANIZATION_TYPE_Industry__type_13,0.0
ORGANIZATION_TYPE_Industry__type_2,0.0
ORGANIZATION_TYPE_Trade__type_1,0.0
ORGANIZATION_TYPE_Trade__type_4,0.0
ORGANIZATION_TYPE_Industry__type_4,0.0
ORGANIZATION_TYPE_Industry__type_3,0.0
ORGANIZATION_TYPE_Industry__type_5,0.0
ORGANIZATION_TYPE_Industry__type_6,0.0
ORGANIZATION_TYPE_Industry__type_8,0.0
ORGANIZATION_TYPE_Industry__type_7,0.0
ORGANIZATION_TYPE_Insurance,0.0
EMERGENCYSTATE_MODE_Yes,0.0
